,ID,prior_belief,prior_uncertainty,post_belief,post_uncertainty,post_stage,variable
0,62f67ae0fc70763173e81fc2,0.434879695,0.905627227,-0.809420198,0.257025674,T0,Immigrant_crime
101,62f67ae0fc70763173e81fc2,0.434879695,0.905627227,-0.797963416,0.380443773,T5,Immigrant_crime
202,62f67ae0fc70763173e81fc2,0.271157399,0.617290736,-0.786482339,0.380356621,T0,Social_media_depression
303,62f67ae0fc70763173e81fc2,0.271157399,0.617290736,-0.763406819,0.365504268,T5,Social_media_depression
404,62f67ae0fc70763173e81fc2,0.866282215,0.365777702,-0.006113632,2,T0,Education_income
505,62f67ae0fc70763173e81fc2,0.866282215,0.365777702,-0.006797131,0.541771843,T5,Education_income
1,62f67f44fc70763173e81fdc,-0.025049677,0.648439068,0.493293888,0.639007286,T0,Immigrant_crime
102,62f67f44fc70763173e81fdc,-0.025049677,0.648439068,0.617463968,0.788576687,T5,Immigrant_crime
203,62f67f44fc70763173e81fdc,1,0.310146065,0.601276159,1.313929049,T0,Social_media_depression
304,62f67f44fc70763173e81fdc,1,0.310146065,0.521895787,0.91825335,T5,Social_media_depression
405,62f67f44fc70763173e81fdc,0.289061983,1.405342884,0.423752118,1.54573773,T0,Education_income
506,62f67f44fc70763173e81fdc,0.289061983,1.405342884,0.354163395,0.702601548,T5,Education_income
2,62f68027fc70763173e81fe0,-0.10405799,0.613408772,0.462908353,0.912049712,T0,Immigrant_crime
103,62f68027fc70763173e81fe0,-0.10405799,0.613408772,0.36633441,0.657792675,T5,Immigrant_crime
204,62f68027fc70763173e81fe0,0.457978817,0.22880399,0.377979565,0.634602244,T0,Social_media_depression
305,62f68027fc70763173e81fe0,0.457978817,0.22880399,1,0.822115689,T5,Social_media_depression
406,62f68027fc70763173e81fe0,0.690306134,0.29821888,0.855792651,0.269110655,T0,Education_income
507,62f68027fc70763173e81fe0,0.690306134,0.29821888,0.924980274,0.170643218,T5,Education_income
3,62f6808bfc70763173e81fe9,0.226913129,0.596061272,-0.433701899,0.969543318,T0,Immigrant_crime
104,62f6808bfc70763173e81fe9,0.226913129,0.596061272,-0.394177912,0.789871678,T5,Immigrant_crime
205,62f6808bfc70763173e81fe9,0.323254585,0.930774437,-0.415454428,0.62973282,T0,Social_media_depression
306,62f6808bfc70763173e81fe9,0.323254585,0.930774437,-0.370445228,0.432584222,T5,Social_media_depression
407,62f6808bfc70763173e81fe9,1,0.703992512,0.625484128,0.749031745,T0,Education_income
508,62f6808bfc70763173e81fe9,1,0.703992512,-0.9814068,0.787691138,T5,Education_income
4,62f68266fc70763173e8200b,0.717338199,0.843382784,-0.389034334,0.466913914,T0,Immigrant_crime
105,62f68266fc70763173e8200b,0.717338199,0.843382784,-0.267300201,0.80204889,T5,Immigrant_crime
206,62f68266fc70763173e8200b,0.000142445,0.283714132,-0.765707336,0.795516966,T0,Social_media_depression
307,62f68266fc70763173e8200b,0.000142445,0.283714132,0.018732701,0.374670922,T5,Social_media_depression
408,62f68266fc70763173e8200b,0.930638204,0.325170783,0.866086549,0.601815348,T0,Education_income
509,62f68266fc70763173e8200b,0.930638204,0.325170783,0.788134184,0.615127289,T5,Education_income
5,62f6832dfc70763173e82018,0.227352725,0.694683511,-0.87753267,0.224534711,T0,Immigrant_crime
106,62f6832dfc70763173e82018,0.227352725,0.694683511,-0.795665533,0.242156037,T5,Immigrant_crime
207,62f6832dfc70763173e82018,0.236810101,1.412362544,-0.816863114,0.366273771,T0,Social_media_depression
308,62f6832dfc70763173e82018,0.236810101,1.412362544,-0.773011047,0.355290976,T5,Social_media_depression
409,62f6832dfc70763173e82018,0.758838999,0.452216934,0.00884182,0.179834297,T0,Education_income
510,62f6832dfc70763173e82018,0.758838999,0.452216934,0.028643086,0.135777701,T5,Education_income
6,62f68387fc70763173e82020,0.761109138,1.946976191,-0.304916912,0.668310454,T0,Immigrant_crime
107,62f68387fc70763173e82020,0.761109138,1.946976191,-0.375814082,1.267400479,T5,Immigrant_crime
208,62f68387fc70763173e82020,1,0.152315174,-0.063370517,1.599968315,T0,Social_media_depression
309,62f68387fc70763173e82020,1,0.152315174,-0.124607915,2,T5,Social_media_depression
410,62f68387fc70763173e82020,0.749832516,1.537441357,-0.455075036,1.089849929,T0,Education_income
511,62f68387fc70763173e82020,0.749832516,1.537441357,-0.557827949,0.892874228,T5,Education_income
7,62f68433fc70763173e82042,0.107621642,0.730800633,-0.336556085,1.347225449,T0,Immigrant_crime
108,62f68433fc70763173e82042,0.107621642,0.730800633,-0.270732736,1.05269191,T5,Immigrant_crime
209,62f68433fc70763173e82042,1,0.070639857,1,0.059462334,T0,Social_media_depression
310,62f68433fc70763173e82042,1,0.070639857,1,0.127941318,T5,Social_media_depression
411,62f68433fc70763173e82042,0.692805168,0.508853773,0.475550271,0.329933261,T0,Education_income
512,62f68433fc70763173e82042,0.692805168,0.508853773,0.505737347,0.53467143,T5,Education_income
8,62f68478fc70763173e82053,1,0.194851506,-0.695471137,0.547193484,T0,Immigrant_crime
109,62f68478fc70763173e82053,1,0.194851506,-0.549378825,0.68600969,T5,Immigrant_crime
210,62f68478fc70763173e82053,0.494098089,0.197534419,-1,0.225452913,T0,Social_media_depression
311,62f68478fc70763173e82053,0.494098089,0.197534419,-1,0.200467288,T5,Social_media_depression
412,62f68478fc70763173e82053,0.601224548,0.47485911,-0.911760725,0.363314801,T0,Education_income
513,62f68478fc70763173e82053,0.601224548,0.47485911,-1,0.196131167,T5,Education_income
9,62f684a3fc70763173e8205e,0.147671784,0.609238541,-1,0.379560434,T0,Immigrant_crime
110,62f684a3fc70763173e8205e,0.147671784,0.609238541,-1,0.467499778,T5,Immigrant_crime
211,62f684a3fc70763173e8205e,0.76630896,0.18559354,0.163385018,1.56119073,T0,Social_media_depression
312,62f684a3fc70763173e8205e,0.76630896,0.18559354,0.159744275,2,T5,Social_media_depression
413,62f684a3fc70763173e8205e,0.74866704,0.716897748,-0.35038104,1.937021723,T0,Education_income
514,62f684a3fc70763173e8205e,0.74866704,0.716897748,-0.317358951,1.585071947,T5,Education_income
10,62f684cffc70763173e82064,-0.14391403,0.848491874,0.594014692,0.455044697,T0,Immigrant_crime
111,62f684cffc70763173e82064,-0.14391403,0.848491874,0.794672259,0.271332729,T5,Immigrant_crime
212,62f684cffc70763173e82064,0.541882637,0.077768146,-0.964130378,0.341019587,T0,Social_media_depression
313,62f684cffc70763173e82064,0.541882637,0.077768146,-0.600860843,0.195522847,T5,Social_media_depression
414,62f684cffc70763173e82064,0.583285448,0.103612743,-0.629021668,1.763337407,T0,Education_income
515,62f684cffc70763173e82064,0.583285448,0.103612743,0.873982376,1.019468141,T5,Education_income
11,62f685a6fc70763173e8207e,0.110878748,1.50010008,-0.028172214,1.943655572,T0,Immigrant_crime
112,62f685a6fc70763173e8207e,0.110878748,1.50010008,-0.156558931,1.396403929,T5,Immigrant_crime
213,62f685a6fc70763173e8207e,0.720945458,0.748564932,0.115853201,0.842310299,T0,Social_media_depression
314,62f685a6fc70763173e8207e,0.720945458,0.748564932,0.080644594,2,T5,Social_media_depression
415,62f685a6fc70763173e8207e,0.731614451,0.400329105,0.269300076,1.641420996,T0,Education_income
516,62f685a6fc70763173e8207e,0.731614451,0.400329105,0.376578051,1.417878696,T5,Education_income
12,62f68708fc70763173e820c9,-0.712592296,0.701205442,0.551440288,0.665527623,T0,Immigrant_crime
113,62f68708fc70763173e820c9,-0.712592296,0.701205442,0.672773262,0.663242932,T5,Immigrant_crime
214,62f68708fc70763173e820c9,1,0.485102267,0.005752549,0.784500535,T0,Social_media_depression
315,62f68708fc70763173e820c9,1,0.485102267,-0.005551881,0.72498106,T5,Social_media_depression
416,62f68708fc70763173e820c9,1,0.30707533,0.844990681,0.401091655,T0,Education_income
517,62f68708fc70763173e820c9,1,0.30707533,0.811695531,0.376608938,T5,Education_income
13,62f68758fc70763173e820d7,0.147509563,0.334353986,-0.561377823,0.877244354,T0,Immigrant_crime
114,62f68758fc70763173e820d7,0.147509563,0.334353986,-1,1.011277818,T5,Immigrant_crime
215,62f68758fc70763173e820d7,1,0.251031344,0.188091885,2,T0,Social_media_depression
316,62f68758fc70763173e820d7,1,0.251031344,0.187643432,1.696176641,T5,Social_media_depression
417,62f68758fc70763173e820d7,0.947978294,0.322111375,0.729342039,1.851685638,T0,Education_income
518,62f68758fc70763173e820d7,0.947978294,0.322111375,-0.359164038,1.281671924,T5,Education_income
14,62f6877afc70763173e820dc,-0.256049339,0.35444951,0.438819683,0.149610495,T0,Immigrant_crime
115,62f6877afc70763173e820dc,-0.256049339,0.35444951,0.660999357,0.065457396,T5,Immigrant_crime
216,62f6877afc70763173e820dc,-1,0,-0.222692265,0.090983176,T0,Social_media_depression
317,62f6877afc70763173e820dc,-1,0,-0.971346759,0.031282222,T5,Social_media_depression
418,62f6877afc70763173e820dc,-0.335525349,0.015333632,-0.437957788,0.167226693,T0,Education_income
519,62f6877afc70763173e820dc,-0.335525349,0.015333632,0.416122139,1.079966259,T5,Education_income
15,62f68788fc70763173e820de,-0.307474315,0.221578601,0.52720506,0.735773927,T0,Immigrant_crime
116,62f68788fc70763173e820de,-0.307474315,0.221578601,-0.358793964,0.402226584,T5,Immigrant_crime
217,62f68788fc70763173e820de,1,0.059371057,0.824182068,0.470563632,T0,Social_media_depression
318,62f68788fc70763173e820de,1,0.059371057,0.815314026,0.387484498,T5,Social_media_depression
419,62f68788fc70763173e820de,0.715534174,0.466287593,0.457435166,0.581122208,T0,Education_income
520,62f68788fc70763173e820de,0.715534174,0.466287593,0.370466188,0.300492699,T5,Education_income
16,62f68814fc70763173e82113,0.177638862,0.467241692,-0.951497864,0.252246582,T0,Immigrant_crime
117,62f68814fc70763173e82113,0.177638862,0.467241692,-0.952127457,0.24961304,T5,Immigrant_crime
218,62f68814fc70763173e82113,0.259343527,0.337709604,-0.205556774,1.159248759,T0,Social_media_depression
319,62f68814fc70763173e82113,0.259343527,0.337709604,0.148605767,0.498644316,T5,Social_media_depression
420,62f68814fc70763173e82113,0.760607045,0.30669613,0.129646487,1.740707026,T0,Education_income
521,62f68814fc70763173e82113,0.760607045,0.30669613,0.265184363,1.114233543,T5,Education_income
17,62f6882efc70763173e82123,-1,0.679777241,0.020938242,0.450573556,T0,Immigrant_crime
118,62f6882efc70763173e82123,-1,0.679777241,0.014773131,0.376337559,T5,Immigrant_crime
219,62f6882efc70763173e82123,0.34818821,0.361433681,-1,0.314700855,T0,Social_media_depression
320,62f6882efc70763173e82123,0.34818821,0.361433681,-1,0,T5,Social_media_depression
421,62f6882efc70763173e82123,0.560748334,0.463816323,-0.983233697,0.812832583,T0,Education_income
522,62f6882efc70763173e82123,0.560748334,0.463816323,-0.930111881,0.744406966,T5,Education_income
18,62f68857fc70763173e82136,1,0.497647496,-1,2,T0,Immigrant_crime
119,62f68857fc70763173e82136,1,0.497647496,-1,0.248276943,T5,Immigrant_crime
220,62f68857fc70763173e82136,1,0.906759177,-0.747649125,0.50470175,T0,Social_media_depression
321,62f68857fc70763173e82136,1,0.906759177,-1,0.892757629,T5,Social_media_depression
422,62f68857fc70763173e82136,0.773993241,0.388630597,-0.814537769,0.583577107,T0,Education_income
523,62f68857fc70763173e82136,0.773993241,0.388630597,-0.968089723,0.310413511,T5,Education_income
19,62f68891fc70763173e8214b,-0.299702023,0.472663673,0.759259768,0.326665381,T0,Immigrant_crime
120,62f68891fc70763173e8214b,-0.299702023,0.472663673,0.70176191,0.355417404,T5,Immigrant_crime
221,62f68891fc70763173e8214b,1,0,0.033081832,1.933836336,T0,Social_media_depression
322,62f68891fc70763173e8214b,1,0,0.001233662,1.997532675,T5,Social_media_depression
423,62f68891fc70763173e8214b,0.734851472,0.537084103,0.668996283,0.21976692,T0,Education_income
524,62f68891fc70763173e8214b,0.734851472,0.537084103,0.887029557,0.229661068,T5,Education_income
20,62f6889ffc70763173e8214f,-0.206726697,0.564242481,0.3431335,0.749637824,T0,Immigrant_crime
121,62f6889ffc70763173e8214f,-0.206726697,0.564242481,0.365839779,0.747146814,T5,Immigrant_crime
222,62f6889ffc70763173e8214f,-0.457182383,0.850708064,0.870563557,0.43518003,T0,Social_media_depression
323,62f6889ffc70763173e8214f,-0.457182383,0.850708064,0.986768205,0.609589309,T5,Social_media_depression
424,62f6889ffc70763173e8214f,0.860449086,0.374441146,0.405775868,0.941537099,T0,Education_income
525,62f6889ffc70763173e8214f,0.860449086,0.374441146,0.806302516,0.487011826,T5,Education_income
21,62f688adfc70763173e82153,0.453926506,0.460911083,0.445554899,0.407136629,T0,Immigrant_crime
122,62f688adfc70763173e82153,0.453926506,0.460911083,0.567017221,0.232673628,T5,Immigrant_crime
223,62f688adfc70763173e82153,0.840786297,0.994128971,0.501360986,1.22358684,T0,Social_media_depression
324,62f688adfc70763173e82153,0.840786297,0.994128971,0.464314938,0.704872991,T5,Social_media_depression
425,62f688adfc70763173e82153,0.731716435,0.160614229,1,0.18161186,T0,Education_income
526,62f688adfc70763173e82153,0.731716435,0.160614229,1,0.133700485,T5,Education_income
22,62f688aefc70763173e82155,-0.218570797,1.562858406,0.861019803,0.688573652,T0,Immigrant_crime
123,62f688aefc70763173e82155,-0.218570797,1.562858406,0.78136058,0.798611569,T5,Immigrant_crime
224,62f688aefc70763173e82155,0.584653009,0.553804623,-0.838851625,0.920523416,T0,Social_media_depression
325,62f688aefc70763173e82155,0.584653009,0.553804623,-1,0.392554575,T5,Social_media_depression
426,62f688aefc70763173e82155,-1,0.344000542,1,0.392419017,T0,Education_income
527,62f688aefc70763173e82155,-1,0.344000542,0.857395516,0.6070541,T5,Education_income
23,62f688bffc70763173e8215c,0.520379662,0.942874984,-0.121045717,2,T0,Immigrant_crime
124,62f688bffc70763173e8215c,0.520379662,0.942874984,-0.302480221,0.917607358,T5,Immigrant_crime
225,62f688bffc70763173e8215c,0.136799197,0.360575164,-1,0,T0,Social_media_depression
326,62f688bffc70763173e8215c,0.136799197,0.360575164,-0.409251161,0.530335603,T5,Social_media_depression
427,62f688bffc70763173e8215c,0.704063671,0.431664688,0.585991454,2,T0,Education_income
528,62f688bffc70763173e8215c,0.704063671,0.431664688,0.767966928,1.375013627,T5,Education_income
24,62f688c5fc70763173e82162,0.502653393,0.306162396,-0.976297152,0.142057245,T0,Immigrant_crime
125,62f688c5fc70763173e82162,0.502653393,0.306162396,-0.589161596,0.165834556,T5,Immigrant_crime
226,62f688c5fc70763173e82162,0.504069923,0.531316797,-0.655499138,0.307665583,T0,Social_media_depression
327,62f688c5fc70763173e82162,0.504069923,0.531316797,-0.585788806,0.27717207,T5,Social_media_depression
428,62f688c5fc70763173e82162,0.782548986,0.406817452,0.730586916,0.538826167,T0,Education_income
529,62f688c5fc70763173e82162,0.782548986,0.406817452,0.783498209,0.568053506,T5,Education_income
25,62f688cafc70763173e82165,-1,2,-1,0,T0,Immigrant_crime
126,62f688cafc70763173e82165,-1,2,-0.682092222,0.635815555,T5,Immigrant_crime
227,62f688cafc70763173e82165,-0.699801669,0.600396662,-1,2,T0,Social_media_depression
328,62f688cafc70763173e82165,-0.699801669,0.600396662,-1,0,T5,Social_media_depression
429,62f688cafc70763173e82165,-1,0,-1,0.321513947,T0,Education_income
530,62f688cafc70763173e82165,-1,0,-1,0,T5,Education_income
26,62f6891efc70763173e82171,0.22310721,0.435661568,-1,0.182557052,T0,Immigrant_crime
127,62f6891efc70763173e82171,0.22310721,0.435661568,-0.798673457,0.131377851,T5,Immigrant_crime
228,62f6891efc70763173e82171,0.629003321,0.747814048,0.10103901,1.768307925,T0,Social_media_depression
329,62f6891efc70763173e82171,0.629003321,0.747814048,0.085920233,1.387588685,T5,Social_media_depression
430,62f6891efc70763173e82171,0.365818985,0.38508323,-0.629082281,0.741835438,T0,Education_income
531,62f6891efc70763173e82171,0.365818985,0.38508323,-0.663456322,0.673087356,T5,Education_income
27,62f68948fc70763173e8217e,0.066490984,0.318267277,-0.409668569,0.435001587,T0,Immigrant_crime
128,62f68948fc70763173e8217e,0.066490984,0.318267277,-0.334412628,0.346237411,T5,Immigrant_crime
229,62f68948fc70763173e8217e,0.603005697,0.637725152,-0.24814414,0.934998359,T0,Social_media_depression
330,62f68948fc70763173e8217e,0.603005697,0.637725152,-0.369687561,0.928134306,T5,Social_media_depression
431,62f68948fc70763173e8217e,0.688168491,0.370711369,-0.211064119,0.651477272,T0,Education_income
532,62f68948fc70763173e8217e,0.688168491,0.370711369,-0.409668084,0.328490532,T5,Education_income
28,62f689a5fc70763173e821b6,-0.505088736,0.989822529,0.592685424,1.40607231,T0,Immigrant_crime
129,62f689a5fc70763173e821b6,-0.505088736,0.989822529,0.618143568,2,T5,Immigrant_crime
230,62f689a5fc70763173e821b6,1,0.622505281,0.52509421,1.597905667,T0,Social_media_depression
331,62f689a5fc70763173e821b6,1,0.622505281,0.482609691,1.034780617,T5,Social_media_depression
432,62f689a5fc70763173e821b6,1,1.367288926,0.530374377,2,T0,Education_income
533,62f689a5fc70763173e821b6,1,1.367288926,0.543614253,2,T5,Education_income
29,62f689aefc70763173e821be,1,0.134239125,-0.020746125,0.241315124,T0,Immigrant_crime
130,62f689aefc70763173e821be,1,0.134239125,0.029657166,0.3264246,T5,Immigrant_crime
231,62f689aefc70763173e821be,0.841775356,0.316449289,-1,0.510589838,T0,Social_media_depression
332,62f689aefc70763173e821be,0.841775356,0.316449289,-0.758085762,0.446971607,T5,Social_media_depression
433,62f689aefc70763173e821be,0.934518561,0.358870614,-0.866466534,0.282977427,T0,Education_income
534,62f689aefc70763173e821be,0.934518561,0.358870614,-0.916758399,0.166483202,T5,Education_income
30,62f689c1fc70763173e821d6,0.861633888,0.144726456,-0.840888048,0.070530124,T0,Immigrant_crime
131,62f689c1fc70763173e821d6,0.861633888,0.144726456,-0.523047228,0.250708957,T5,Immigrant_crime
232,62f689c1fc70763173e821d6,-0.851669573,0.091809722,0.814582668,0.21233621,T0,Social_media_depression
333,62f689c1fc70763173e821d6,-0.851669573,0.091809722,-0.931936183,0.092467961,T5,Social_media_depression
434,62f689c1fc70763173e821d6,-1,0,0.934962935,0.120873064,T0,Education_income
535,62f689c1fc70763173e821d6,-1,0,0.395370023,0.076746472,T5,Education_income
31,62f689effc70763173e821fb,0.137879389,0.59279273,-1,0,T0,Immigrant_crime
132,62f689effc70763173e821fb,0.137879389,0.59279273,-0.802687994,0.5523176,T5,Immigrant_crime
233,62f689effc70763173e821fb,1,0.292158662,-0.181741386,0.698739901,T0,Social_media_depression
334,62f689effc70763173e821fb,1,0.292158662,-0.335236287,1.329527426,T5,Social_media_depression
435,62f689effc70763173e821fb,0.411022565,0.348562772,-0.700780702,0.399701382,T0,Education_income
536,62f689effc70763173e821fb,0.411022565,0.348562772,-0.337269161,1.325461678,T5,Education_income
32,62f689f7fc70763173e82200,0.336826906,2,0.261654156,1.476691688,T0,Immigrant_crime
133,62f689f7fc70763173e82200,0.336826906,2,0.467005151,0.758127654,T5,Immigrant_crime
234,62f689f7fc70763173e82200,-1,0,-0.064387549,1.011556676,T0,Social_media_depression
335,62f689f7fc70763173e82200,-1,0,0.013493657,2,T5,Social_media_depression
436,62f689f7fc70763173e82200,1,1.909674814,0.877752467,0.870420981,T0,Education_income
537,62f689f7fc70763173e82200,1,1.909674814,-0.049834946,1.597459956,T5,Education_income
33,62f689f9fc70763173e82204,0.399039657,0.746372159,-1,0.561494929,T0,Immigrant_crime
134,62f689f9fc70763173e82204,0.399039657,0.746372159,-1,0.653534847,T5,Immigrant_crime
235,62f689f9fc70763173e82204,0.556106494,0.887787012,-1,0.547229701,T0,Social_media_depression
336,62f689f9fc70763173e82204,0.556106494,0.887787012,-0.952300452,0.447780582,T5,Social_media_depression
437,62f689f9fc70763173e82204,0.719045574,0.389191915,-0.18772939,0.707833507,T0,Education_income
538,62f689f9fc70763173e82204,0.719045574,0.389191915,-0.309407297,0.945558593,T5,Education_income
34,62f68a23fc70763173e82214,0.275444917,0.51219345,-0.516896135,0.64065247,T0,Immigrant_crime
135,62f68a23fc70763173e82214,0.275444917,0.51219345,-0.178840326,0.25823946,T5,Immigrant_crime
236,62f68a23fc70763173e82214,0.93343366,0.174463369,0.028961744,0.432046303,T0,Social_media_depression
337,62f68a23fc70763173e82214,0.93343366,0.174463369,0.39910677,0.724836989,T5,Social_media_depression
438,62f68a23fc70763173e82214,0.967717075,0.3320298,0.479278161,0.440881364,T0,Education_income
539,62f68a23fc70763173e82214,0.967717075,0.3320298,0.804430241,0.391139517,T5,Education_income
35,62f68a24fc70763173e82216,0.217493447,0.448871708,-1,0.388891351,T0,Immigrant_crime
136,62f68a24fc70763173e82216,0.217493447,0.448871708,-0.910721915,0.718213658,T5,Immigrant_crime
237,62f68a24fc70763173e82216,0.646517549,0.720509833,-0.71177571,0.57644858,T0,Social_media_depression
338,62f68a24fc70763173e82216,0.646517549,0.720509833,-1,0.533786348,T5,Social_media_depression
439,62f68a24fc70763173e82216,0.883352383,0.473376762,0.365733803,2,T0,Education_income
540,62f68a24fc70763173e82216,0.883352383,0.473376762,0.507602521,1.495300554,T5,Education_income
36,62f68a38fc70763173e8221b,-0.070792129,0.54544593,0.082209257,1.504639273,T0,Immigrant_crime
137,62f68a38fc70763173e8221b,-0.070792129,0.54544593,0.081285398,1.002030366,T5,Immigrant_crime
238,62f68a38fc70763173e8221b,-0.162368146,0.743344866,0.220146942,1.161763589,T0,Social_media_depression
339,62f68a38fc70763173e8221b,-0.162368146,0.743344866,0.262439438,1.407424109,T5,Social_media_depression
440,62f68a38fc70763173e8221b,0.481395444,0.868173162,0.111887885,1.77622423,T0,Education_income
541,62f68a38fc70763173e8221b,0.481395444,0.868173162,0.168402163,1.663195674,T5,Education_income
37,62f68a38fc70763173e8221d,0.297954152,0.037843279,-0.467875413,0.039512388,T0,Immigrant_crime
138,62f68a38fc70763173e8221d,0.297954152,0.037843279,0.542638714,0.176316288,T5,Immigrant_crime
239,62f68a38fc70763173e8221d,0.362904952,0.047626097,-0.70634092,0.027035747,T0,Social_media_depression
340,62f68a38fc70763173e8221d,0.362904952,0.047626097,0.553610238,0.001415223,T5,Social_media_depression
441,62f68a38fc70763173e8221d,1,0,1,0,T0,Education_income
542,62f68a38fc70763173e8221d,1,0,1,0,T5,Education_income
38,62f68a6bfc70763173e82234,0.226980694,0.18805697,-0.865707693,0.150366321,T0,Immigrant_crime
139,62f68a6bfc70763173e82234,0.226980694,0.18805697,-1,0,T5,Immigrant_crime
240,62f68a6bfc70763173e82234,-1,0.131718721,-0.397699349,0.502111363,T0,Social_media_depression
341,62f68a6bfc70763173e82234,-1,0.131718721,-0.615983123,0.593688441,T5,Social_media_depression
442,62f68a6bfc70763173e82234,-0.919544579,0.184739397,-0.864718848,1.048109649,T0,Education_income
543,62f68a6bfc70763173e82234,-0.919544579,0.184739397,-0.804370811,1.063232723,T5,Education_income
39,62f68a72fc70763173e8223a,0.151800132,1.353153763,-0.765265388,0.469469225,T0,Immigrant_crime
140,62f68a72fc70763173e8223a,0.151800132,1.353153763,-0.731685785,0.53662843,T5,Immigrant_crime
241,62f68a72fc70763173e8223a,0.76777149,0.536460855,0.186024577,0.636354179,T0,Social_media_depression
342,62f68a72fc70763173e8223a,0.76777149,0.536460855,-0.821542502,0.356914997,T5,Social_media_depression
443,62f68a72fc70763173e8223a,0.669316209,1.594984138,-0.279375266,0.812592248,T0,Education_income
544,62f68a72fc70763173e8223a,0.669316209,1.594984138,0.328880735,1.275599281,T5,Education_income
40,62f68a80fc70763173e8223c,-0.053643088,1.892713823,1,1.403189428,T0,Immigrant_crime
141,62f68a80fc70763173e8223c,-0.053643088,1.892713823,0.929889308,1.205581262,T5,Immigrant_crime
242,62f68a80fc70763173e8223c,0.147672835,1.706681956,-0.180913791,1.40129391,T0,Social_media_depression
343,62f68a80fc70763173e8223c,0.147672835,1.706681956,-0.438925616,1.557798861,T5,Social_media_depression
444,62f68a80fc70763173e8223c,1,0.757274025,0.59535298,1.625713994,T0,Education_income
545,62f68a80fc70763173e8223c,1,0.757274025,0.52080172,1.540602836,T5,Education_income
41,62f68a91fc70763173e82245,0.220694909,0.686141028,-0.160804188,0.567840318,T0,Immigrant_crime
142,62f68a91fc70763173e82245,0.220694909,0.686141028,-0.381727003,0.343590775,T5,Immigrant_crime
243,62f68a91fc70763173e82245,0.595887953,1.395752224,-0.789028424,0.763892887,T0,Social_media_depression
344,62f68a91fc70763173e82245,0.595887953,1.395752224,-0.633758288,0.652513048,T5,Social_media_depression
445,62f68a91fc70763173e82245,0.477394042,0.654953158,-0.251394058,0.37110743,T0,Education_income
546,62f68a91fc70763173e82245,0.477394042,0.654953158,-0.644501766,0.688103788,T5,Education_income
42,62f68aa5fc70763173e82250,-0.130312993,1.739374014,0.173320516,1.133540554,T0,Immigrant_crime
143,62f68aa5fc70763173e82250,-0.130312993,1.739374014,0.139524846,0.364459391,T5,Immigrant_crime
244,62f68aa5fc70763173e82250,-1,0.548605775,-1,0.055206459,T0,Social_media_depression
345,62f68aa5fc70763173e82250,-1,0.548605775,-0.313376658,0.407320878,T5,Social_media_depression
446,62f68aa5fc70763173e82250,-1,0.866326856,-1,0.480501046,T0,Education_income
547,62f68aa5fc70763173e82250,-1,0.866326856,-0.559805896,0.044101464,T5,Education_income
43,62f68ab1fc70763173e82258,0.135557352,0.269571054,-0.47260459,0.681554603,T0,Immigrant_crime
144,62f68ab1fc70763173e82258,0.135557352,0.269571054,-0.111221228,0.783133958,T5,Immigrant_crime
245,62f68ab1fc70763173e82258,1,0.587144966,-0.441239916,1.117520169,T0,Social_media_depression
346,62f68ab1fc70763173e82258,1,0.587144966,0.35717643,1.180180858,T5,Social_media_depression
447,62f68ab1fc70763173e82258,-1,0.340445221,-1,0.998700557,T0,Education_income
548,62f68ab1fc70763173e82258,-1,0.340445221,1,0.49466793,T5,Education_income
44,62f68ab1fc70763173e8225c,0.050651608,0.582737754,-0.848245608,0.453494081,T0,Immigrant_crime
145,62f68ab1fc70763173e8225c,0.050651608,0.582737754,-1,0.418167025,T5,Immigrant_crime
246,62f68ab1fc70763173e8225c,1,0.629966756,0.188938629,1.622122743,T0,Social_media_depression
347,62f68ab1fc70763173e8225c,1,0.629966756,0.237977341,2,T5,Social_media_depression
448,62f68ab1fc70763173e8225c,0.952836687,0.77757371,0.106231294,1.787537412,T0,Education_income
549,62f68ab1fc70763173e8225c,0.952836687,0.77757371,0.280072425,2,T5,Education_income
45,62f68ac9fc70763173e82268,0.10838524,0.277926006,-0.326079272,0.41373304,T0,Immigrant_crime
146,62f68ac9fc70763173e82268,0.10838524,0.277926006,-0.303403431,0.495409633,T5,Immigrant_crime
247,62f68ac9fc70763173e82268,0.747350271,0.505299457,-0.887407854,0.698536322,T0,Social_media_depression
348,62f68ac9fc70763173e82268,0.747350271,0.505299457,0.636208781,0.727582438,T5,Social_media_depression
449,62f68ac9fc70763173e82268,1,0.393225214,0.005487239,1.479452679,T0,Education_income
550,62f68ac9fc70763173e82268,1,0.393225214,0.028599849,1.188414543,T5,Education_income
46,62f68ad1fc70763173e8226d,0.775995783,0.442163318,-0.120736385,0.676240201,T0,Immigrant_crime
147,62f68ad1fc70763173e8226d,0.775995783,0.442163318,0.176968599,0.667881313,T5,Immigrant_crime
248,62f68ad1fc70763173e8226d,0.827599084,0.49698941,0.978273611,0.784271439,T0,Social_media_depression
349,62f68ad1fc70763173e8226d,0.827599084,0.49698941,0.756522909,0.560317453,T5,Social_media_depression
450,62f68ad1fc70763173e8226d,0.630111878,0.487207361,-0.169216633,0.631463397,T0,Education_income
551,62f68ad1fc70763173e8226d,0.630111878,0.487207361,0.372586283,1.268871594,T5,Education_income
47,62f68ad6fc70763173e82273,-0.010767257,0.096244157,0.856532932,0.286934136,T0,Immigrant_crime
148,62f68ad6fc70763173e82273,-0.010767257,0.096244157,0.886796174,0.249391549,T5,Immigrant_crime
249,62f68ad6fc70763173e82273,1,0.117294962,0.815500907,0.050750603,T0,Social_media_depression
350,62f68ad6fc70763173e82273,1,0.117294962,0.682024514,0.125113898,T5,Social_media_depression
451,62f68ad6fc70763173e82273,1,0.040971051,-0.041198359,0.118235752,T0,Education_income
552,62f68ad6fc70763173e82273,1,0.040971051,-0.109591661,0.131637117,T5,Education_income
48,62f68af2fc70763173e82286,0.006636654,1.219339731,-0.525839022,0.104735335,T0,Immigrant_crime
149,62f68af2fc70763173e82286,0.006636654,1.219339731,-0.691041488,0.270165973,T5,Immigrant_crime
250,62f68af2fc70763173e82286,1,0.451458149,-0.658628954,2,T0,Social_media_depression
351,62f68af2fc70763173e82286,1,0.451458149,-0.374256912,1.251486177,T5,Social_media_depression
452,62f68af2fc70763173e82286,0.73725782,0.607744908,-1,1.058778757,T0,Education_income
553,62f68af2fc70763173e82286,0.73725782,0.607744908,-0.548132439,0.903735122,T5,Education_income
49,62f68b06fc70763173e82292,0.02997885,0.942709536,-0.524951802,0.450639777,T0,Immigrant_crime
150,62f68b06fc70763173e82292,0.02997885,0.942709536,-0.753873002,0.700526955,T5,Immigrant_crime
251,62f68b06fc70763173e82292,0.981198078,0.338418829,-0.918484718,0.66862059,T0,Social_media_depression
352,62f68b06fc70763173e82292,0.981198078,0.338418829,-0.829503917,0.678978796,T5,Social_media_depression
453,62f68b06fc70763173e82292,0.63670754,0.72658492,-1,0.466380782,T0,Education_income
554,62f68b06fc70763173e82292,0.63670754,0.72658492,-0.922057531,0.473952368,T5,Education_income
50,62f68b12fc70763173e8229c,-0.084929147,0.847762967,0.490041435,0.865311461,T0,Immigrant_crime
151,62f68b12fc70763173e8229c,-0.084929147,0.847762967,0.55108556,2,T5,Immigrant_crime
252,62f68b12fc70763173e8229c,-0.25352425,1.722286656,1,0.808645599,T0,Social_media_depression
353,62f68b12fc70763173e8229c,-0.25352425,1.722286656,0.777002486,0.739354993,T5,Social_media_depression
454,62f68b12fc70763173e8229c,0.495461091,0.603962131,-1,0.810245483,T0,Education_income
555,62f68b12fc70763173e8229c,0.495461091,0.603962131,-0.758053745,0.891540484,T5,Education_income
51,62f68b2bfc70763173e822b2,-0.392842883,1.217366193,0.730684389,0.135186109,T0,Immigrant_crime
152,62f68b2bfc70763173e822b2,-0.392842883,1.217366193,0.757219068,0.279394593,T5,Immigrant_crime
253,62f68b2bfc70763173e822b2,1,0.186352186,0.026217879,0.214335336,T0,Social_media_depression
354,62f68b2bfc70763173e822b2,1,0.186352186,0.127234861,0.325700439,T5,Social_media_depression
455,62f68b2bfc70763173e822b2,1,1.25783871,0.136641162,0.574779483,T0,Education_income
556,62f68b2bfc70763173e822b2,1,1.25783871,0.075751397,0.204838205,T5,Education_income
52,62f68b3afc70763173e822c2,0.089377508,0.721740488,-0.828935292,0.811842663,T0,Immigrant_crime
153,62f68b3afc70763173e822c2,0.089377508,0.721740488,-1,0.84468071,T5,Immigrant_crime
254,62f68b3afc70763173e822c2,0.474152312,0.562935845,-0.792576886,0.313962381,T0,Social_media_depression
355,62f68b3afc70763173e822c2,0.474152312,0.562935845,-1,0.431062444,T5,Social_media_depression
456,62f68b3afc70763173e822c2,0.707647894,0.414080746,0.121093803,1.028768541,T0,Education_income
557,62f68b3afc70763173e822c2,0.707647894,0.414080746,0.106871905,0.936430055,T5,Education_income
53,62f68b93fc70763173e8231f,-0.331292593,0.692683841,0.715945597,0.568108805,T0,Immigrant_crime
154,62f68b93fc70763173e8231f,-0.331292593,0.692683841,0.447516895,0.336978148,T5,Immigrant_crime
255,62f68b93fc70763173e8231f,1,0.075749142,0.47015273,0.315800345,T0,Social_media_depression
356,62f68b93fc70763173e8231f,1,0.075749142,0.325983808,0.21446664,T5,Social_media_depression
457,62f68b93fc70763173e8231f,0.746995688,0.506008624,-0.058908978,0.496940216,T0,Education_income
558,62f68b93fc70763173e8231f,0.746995688,0.506008624,-0.134605422,0.774464734,T5,Education_income
54,62f68ba2fc70763173e82330,-0.446392392,0.470680996,0.824468335,0.921381901,T0,Immigrant_crime
155,62f68ba2fc70763173e82330,-0.446392392,0.470680996,-0.435894668,0.527831805,T5,Immigrant_crime
256,62f68ba2fc70763173e82330,0.543336991,0.68491166,-0.513584288,0.42711529,T0,Social_media_depression
357,62f68ba2fc70763173e82330,0.543336991,0.68491166,-0.480364863,0.311757882,T5,Social_media_depression
458,62f68ba2fc70763173e82330,1,0.188107095,0.727265582,0.360945498,T0,Education_income
559,62f68ba2fc70763173e82330,1,0.188107095,0.675590184,0.19855485,T5,Education_income
55,62f68bbbfc70763173e8234c,0.223094128,1.387834951,-0.375937614,1.248124771,T0,Immigrant_crime
156,62f68bbbfc70763173e8234c,0.223094128,1.387834951,-0.296952186,1.022087684,T5,Immigrant_crime
257,62f68bbbfc70763173e8234c,0.600486426,0.799027148,0.207804934,0.932782466,T0,Social_media_depression
358,62f68bbbfc70763173e8234c,0.600486426,0.799027148,0.248867909,0.940977118,T5,Social_media_depression
459,62f68bbbfc70763173e8234c,0.595061274,0.669420471,0.559881237,0.837154039,T0,Education_income
560,62f68bbbfc70763173e8234c,0.595061274,0.669420471,0.357097645,0.636825287,T5,Education_income
56,62f68bd3fc70763173e82361,-0.494570657,0.24007919,0.181047789,0.031110789,T0,Immigrant_crime
157,62f68bd3fc70763173e82361,-0.494570657,0.24007919,0.190510996,0.515207067,T5,Immigrant_crime
258,62f68bd3fc70763173e82361,-0.29833136,0.924647321,0.072495123,0.032144604,T0,Social_media_depression
359,62f68bd3fc70763173e82361,-0.29833136,0.924647321,0.071766661,0.652680866,T5,Social_media_depression
460,62f68bd3fc70763173e82361,0.624362596,0.000407872,-0.252695226,0.320649845,T0,Education_income
561,62f68bd3fc70763173e82361,0.624362596,0.000407872,-0.211198874,0.165822842,T5,Education_income
57,62f68c06fc70763173e82393,0.747034314,0.505931373,-0.89128189,0.937026082,T0,Immigrant_crime
158,62f68c06fc70763173e82393,0.747034314,0.505931373,-0.894479769,0.838751719,T5,Immigrant_crime
259,62f68c06fc70763173e82393,0.235422988,1.059873573,-0.821365923,0.357268155,T0,Social_media_depression
360,62f68c06fc70763173e82393,0.235422988,1.059873573,-1,0.570765223,T5,Social_media_depression
461,62f68c06fc70763173e82393,-0.856947399,0.909854893,-0.373632009,2,T0,Education_income
562,62f68c06fc70763173e82393,-0.856947399,0.909854893,-0.544996375,1.760460586,T5,Education_income
58,62f68c54fc70763173e823bf,-0.020765267,0.998056694,0.013302764,1.571154829,T0,Immigrant_crime
159,62f68c54fc70763173e823bf,-0.020765267,0.998056694,-0.019568109,1.497886845,T5,Immigrant_crime
260,62f68c54fc70763173e823bf,0.792741869,0.650642492,-0.961118501,0.801238663,T0,Social_media_depression
361,62f68c54fc70763173e823bf,0.792741869,0.650642492,-0.741003118,1.171624479,T5,Social_media_depression
462,62f68c54fc70763173e823bf,1,0.284581322,-1,0.949567482,T0,Education_income
563,62f68c54fc70763173e823bf,1,0.284581322,1,0.719182379,T5,Education_income
59,62f68c6efc70763173e823d1,0.501934782,0.876589864,0.104405461,1.994525781,T0,Immigrant_crime
160,62f68c6efc70763173e823d1,0.501934782,0.876589864,0.024443181,1.455151953,T5,Immigrant_crime
261,62f68c6efc70763173e823d1,-0.267801259,1.16456439,0.961613178,1.212251449,T0,Social_media_depression
362,62f68c6efc70763173e823d1,-0.267801259,1.16456439,0.752382404,1.256963101,T5,Social_media_depression
463,62f68c6efc70763173e823d1,1,0.6095011,-1,0.938935562,T0,Education_income
564,62f68c6efc70763173e823d1,1,0.6095011,-0.55508526,0.889829479,T5,Education_income
60,62f68c75fc70763173e823d9,1,0.525126351,-0.137501389,1.724997223,T0,Immigrant_crime
161,62f68c75fc70763173e823d9,1,0.525126351,-0.293088848,1.678167238,T5,Immigrant_crime
262,62f68c75fc70763173e823d9,0.998866883,0.509811733,0.714237005,0.698091093,T0,Social_media_depression
363,62f68c75fc70763173e823d9,0.998866883,0.509811733,0.962429163,0.531198161,T5,Social_media_depression
464,62f68c75fc70763173e823d9,1,0.503264281,0.75906293,1.446766131,T0,Education_income
565,62f68c75fc70763173e823d9,1,0.503264281,0.798207905,0.818264171,T5,Education_income
61,62f68c7afc70763173e823dd,0.387135258,0.618798813,-0.418380785,1.163238429,T0,Immigrant_crime
162,62f68c7afc70763173e823dd,0.387135258,0.618798813,-0.44461237,1.110775261,T5,Immigrant_crime
263,62f68c7afc70763173e823dd,0.299498775,1.50342089,-0.662803054,0.786305538,T0,Social_media_depression
364,62f68c7afc70763173e823dd,0.299498775,1.50342089,-0.710893474,0.578213052,T5,Social_media_depression
465,62f68c7afc70763173e823dd,0.3636884,1.366869771,-0.425863632,1.104995982,T0,Education_income
566,62f68c7afc70763173e823dd,0.3636884,1.366869771,-0.641971296,0.716057409,T5,Education_income
62,62f68c9cfc70763173e82407,0.203156562,0.664363659,-1,0.381580657,T0,Immigrant_crime
163,62f68c9cfc70763173e82407,0.203156562,0.664363659,-0.95305339,0.270198639,T5,Immigrant_crime
264,62f68c9cfc70763173e82407,1,0.661881471,0.020278897,0.632103209,T0,Social_media_depression
365,62f68c9cfc70763173e82407,1,0.661881471,-0.005350973,1.088024752,T5,Social_media_depression
466,62f68c9cfc70763173e82407,0.962940039,0.272347523,0.630201213,0.365203279,T0,Education_income
567,62f68c9cfc70763173e82407,0.962940039,0.272347523,0.59018768,0.339219135,T5,Education_income
63,62f68ca2fc70763173e8240d,1,0.060867438,0.223851715,0.656959141,T0,Immigrant_crime
164,62f68ca2fc70763173e8240d,1,0.060867438,0.207434614,0.507452919,T5,Immigrant_crime
265,62f68ca2fc70763173e8240d,0.763302223,0.423835597,0.658006312,0.338681697,T0,Social_media_depression
366,62f68ca2fc70763173e8240d,0.763302223,0.423835597,0.771219086,0.278764146,T5,Social_media_depression
467,62f68ca2fc70763173e8240d,0.793099309,0.413801383,-0.022656066,1.720435633,T0,Education_income
568,62f68ca2fc70763173e8240d,0.793099309,0.413801383,0.930509065,0.251977806,T5,Education_income
64,62f68ca7fc70763173e82413,0.138744204,0.201913543,-0.316434581,1.140340113,T0,Immigrant_crime
165,62f68ca7fc70763173e82413,0.138744204,0.201913543,0.280711459,0.902214255,T5,Immigrant_crime
266,62f68ca7fc70763173e82413,0.611098128,0.867905369,0.438813936,1.686658778,T0,Social_media_depression
367,62f68ca7fc70763173e82413,0.611098128,0.867905369,0.35954539,1.530469751,T5,Social_media_depression
468,62f68ca7fc70763173e82413,0.58298953,0.834020939,-0.473186772,1.053626457,T0,Education_income
569,62f68ca7fc70763173e82413,0.58298953,0.834020939,-0.453345663,0.797052699,T5,Education_income
65,62f68cf8fc70763173e8245c,0.78995243,0.059595518,-0.217692348,0.563773178,T0,Immigrant_crime
166,62f68cf8fc70763173e8245c,0.78995243,0.059595518,-0.28875894,0.397817758,T5,Immigrant_crime
267,62f68cf8fc70763173e8245c,0.928814544,0.230785266,0.623969444,0.752061111,T0,Social_media_depression
368,62f68cf8fc70763173e8245c,0.928814544,0.230785266,0.546036508,1.511248264,T5,Social_media_depression
469,62f68cf8fc70763173e8245c,-0.230580071,0.777486023,0.009230723,0.615844409,T0,Education_income
570,62f68cf8fc70763173e8245c,-0.230580071,0.777486023,0.110546208,0.746788385,T5,Education_income
66,62f68db2fc70763173e82509,0.22435989,0.646720324,-0.850461377,0.393913287,T0,Immigrant_crime
167,62f68db2fc70763173e82509,0.22435989,0.646720324,-0.641184192,0.623812806,T5,Immigrant_crime
268,62f68db2fc70763173e82509,0.774109702,0.515349109,0.206860859,0.586076334,T0,Social_media_depression
369,62f68db2fc70763173e82509,0.774109702,0.515349109,0.241191338,0.694139144,T5,Social_media_depression
470,62f68db2fc70763173e82509,0.509997563,0.687410294,-0.611596499,0.500415978,T0,Education_income
571,62f68db2fc70763173e82509,0.509997563,0.687410294,-0.70162331,0.481065014,T5,Education_income
67,62f68dbcfc70763173e82513,-0.449654785,0.744974164,0.501539026,0.694435704,T0,Immigrant_crime
168,62f68dbcfc70763173e82513,-0.449654785,0.744974164,0.359266605,0.526226693,T5,Immigrant_crime
269,62f68dbcfc70763173e82513,0.829612927,0.503246877,0.279377028,0.594688112,T0,Social_media_depression
370,62f68dbcfc70763173e82513,0.829612927,0.503246877,0.283187491,0.588759381,T5,Social_media_depression
471,62f68dbcfc70763173e82513,0.623533522,0.382189694,-0.175099817,0.626762785,T0,Education_income
572,62f68dbcfc70763173e82513,0.623533522,0.382189694,-0.019633154,0.343590976,T5,Education_income
68,62f68ed0fc70763173e8261d,-0.171420746,0.604822343,0.167246716,0.556096443,T0,Immigrant_crime
169,62f68ed0fc70763173e8261d,-0.171420746,0.604822343,0.096739168,0.485256901,T5,Immigrant_crime
270,62f68ed0fc70763173e8261d,0.437962325,0.654090741,0.288357253,0.394863222,T0,Social_media_depression
371,62f68ed0fc70763173e8261d,0.437962325,0.654090741,0.21082754,0.741276586,T5,Social_media_depression
472,62f68ed0fc70763173e8261d,0.40116774,0.278969839,0.359375594,0.410853521,T0,Education_income
573,62f68ed0fc70763173e8261d,0.40116774,0.278969839,0.454640271,0.426310046,T5,Education_income
69,62f68eddfc70763173e82626,0.303261951,0.465938413,-0.287794146,0.281984929,T0,Immigrant_crime
170,62f68eddfc70763173e82626,0.303261951,0.465938413,-0.338567395,0.439308931,T5,Immigrant_crime
271,62f68eddfc70763173e82626,0.372402683,0.42817808,-0.664033634,0.378408285,T0,Social_media_depression
372,62f68eddfc70763173e82626,0.372402683,0.42817808,-0.320371314,0.36553913,T5,Social_media_depression
473,62f68eddfc70763173e82626,0.3379304,0.492732246,-0.167166597,0.408613768,T0,Education_income
574,62f68eddfc70763173e82626,0.3379304,0.492732246,-0.352289099,0.515883559,T5,Education_income
70,62f68f05fc70763173e82640,0.229441302,0.710314524,-0.881001344,0.237997313,T0,Immigrant_crime
171,62f68f05fc70763173e82640,0.229441302,0.710314524,-0.736792742,0.47761598,T5,Immigrant_crime
272,62f68f05fc70763173e82640,0.455199028,1.089601945,-0.971967973,0.683905795,T0,Social_media_depression
373,62f68f05fc70763173e82640,0.455199028,1.089601945,-0.522520727,0.954958547,T5,Social_media_depression
474,62f68f05fc70763173e82640,0.881503351,0.236993298,-0.003971417,2,T0,Education_income
575,62f68f05fc70763173e82640,0.881503351,0.236993298,-0.016783014,1.554888411,T5,Education_income
71,62f68f13fc70763173e8264f,0.005738557,0.225741925,-0.390178965,0.419709258,T0,Immigrant_crime
172,62f68f13fc70763173e8264f,0.005738557,0.225741925,-0.27188512,0.327476042,T5,Immigrant_crime
273,62f68f13fc70763173e8264f,0.001200779,0.379787147,-0.104813833,0.681366961,T0,Social_media_depression
374,62f68f13fc70763173e8264f,0.001200779,0.379787147,-0.068105931,0.64002087,T5,Social_media_depression
475,62f68f13fc70763173e8264f,0.525730585,0.376507032,0.071085255,0.858355693,T0,Education_income
576,62f68f13fc70763173e8264f,0.525730585,0.376507032,0.150269785,0.460770033,T5,Education_income
72,62f68f68fc70763173e8269e,1,0.784112358,1,2,T0,Immigrant_crime
173,62f68f68fc70763173e8269e,1,0.784112358,0.415982798,1.626114752,T5,Immigrant_crime
274,62f68f68fc70763173e8269e,-1,0.703393358,0.372155615,1.255688769,T0,Social_media_depression
375,62f68f68fc70763173e8269e,-1,0.703393358,1,0.72956865,T5,Social_media_depression
476,62f68f68fc70763173e8269e,0.982562743,0.618261822,0.710941453,1.701101913,T0,Education_income
577,62f68f68fc70763173e8269e,0.982562743,0.618261822,0.531507042,1.857633578,T5,Education_income
73,62f68fedfc70763173e82723,-0.40451781,0.846345303,0.440025549,1.144534654,T0,Immigrant_crime
174,62f68fedfc70763173e82723,-0.40451781,0.846345303,0.280901179,1.148190522,T5,Immigrant_crime
275,62f68fedfc70763173e82723,0.189284404,1.428347717,-0.815667329,2,T0,Social_media_depression
376,62f68fedfc70763173e82723,0.189284404,1.428347717,-0.586576421,0.826847159,T5,Social_media_depression
477,62f68fedfc70763173e82723,0.239458497,0.925778746,-0.787228804,0.704650729,T0,Education_income
578,62f68fedfc70763173e82723,0.239458497,0.925778746,-0.77573595,1.229575264,T5,Education_income
74,62f69067fc70763173e8275f,-0.010511932,0.605953838,0.282759589,1.17850348,T0,Immigrant_crime
175,62f69067fc70763173e8275f,-0.010511932,0.605953838,0.074640719,0.829412993,T5,Immigrant_crime
276,62f69067fc70763173e8275f,-1,1.517755129,-0.930033763,1.082152667,T0,Social_media_depression
377,62f69067fc70763173e8275f,-1,1.517755129,0.577526571,1.222360018,T5,Social_media_depression
478,62f69067fc70763173e8275f,1,2,0.858697429,1.965196738,T0,Education_income
579,62f69067fc70763173e8275f,1,2,0.695347354,1.808186424,T5,Education_income
75,62f6909afc70763173e8277a,0.778514034,0.836719381,-0.433779531,2,T0,Immigrant_crime
176,62f6909afc70763173e8277a,0.778514034,0.836719381,-1,1.123458608,T5,Immigrant_crime
277,62f6909afc70763173e8277a,1,1.197737174,-1,0.391590738,T0,Social_media_depression
378,62f6909afc70763173e8277a,1,1.197737174,-0.915610886,0.724045008,T5,Social_media_depression
479,62f6909afc70763173e8277a,-0.509509833,1.047190405,0.65614326,0.922353807,T0,Education_income
580,62f6909afc70763173e8277a,-0.509509833,1.047190405,1,0.796807368,T5,Education_income
76,62f690aafc70763173e8278c,0.100925422,0.571639996,-1,0.561598106,T0,Immigrant_crime
177,62f690aafc70763173e8278c,0.100925422,0.571639996,-0.952023418,0.526855404,T5,Immigrant_crime
278,62f690aafc70763173e8278c,0.646240706,0.362046455,-0.652421624,0.586368122,T0,Social_media_depression
379,62f690aafc70763173e8278c,0.646240706,0.362046455,-0.397347231,0.587585526,T5,Social_media_depression
480,62f690aafc70763173e8278c,0.843111251,0.48405478,-0.000739168,0.666238893,T0,Education_income
581,62f690aafc70763173e8278c,0.843111251,0.48405478,-0.001296159,0.663918188,T5,Education_income
77,62f690bafc70763173e82798,-0.853224639,0.293550721,-0.027260014,0.445683467,T0,Immigrant_crime
178,62f690bafc70763173e82798,-0.853224639,0.293550721,-0.029438672,1.048278534,T5,Immigrant_crime
279,62f690bafc70763173e82798,0.309276702,0.945235635,-0.555582872,0.619455835,T0,Social_media_depression
380,62f690bafc70763173e82798,0.309276702,0.945235635,-1,0.207776556,T5,Social_media_depression
481,62f690bafc70763173e82798,1,0.062102986,0.28125808,0.755422198,T0,Education_income
582,62f690bafc70763173e82798,1,0.062102986,0.571722507,0.365263753,T5,Education_income
78,62f690fafc70763173e827d9,0.048092199,0.17602569,-0.960898546,0.217641618,T0,Immigrant_crime
179,62f690fafc70763173e827d9,0.048092199,0.17602569,-0.829783387,0.387418605,T5,Immigrant_crime
280,62f690fafc70763173e827d9,1,0.376822095,0.360460409,1.401219706,T0,Social_media_depression
381,62f690fafc70763173e827d9,1,0.376822095,0.173034255,2,T5,Social_media_depression
482,62f690fafc70763173e827d9,0.659292969,1.763509084,0.512546565,1.667612433,T0,Education_income
583,62f690fafc70763173e827d9,0.659292969,1.763509084,0.279363872,1.441272257,T5,Education_income
79,62f69311fc70763173e82907,0.007902884,1.525730496,-1,0.422003517,T0,Immigrant_crime
180,62f69311fc70763173e82907,0.007902884,1.525730496,-1,0.293423545,T5,Immigrant_crime
281,62f69311fc70763173e82907,-0.243324664,0.385710221,0.516407221,0.926765795,T0,Social_media_depression
382,62f69311fc70763173e82907,-0.243324664,0.385710221,0.514887723,0.468105112,T5,Social_media_depression
483,62f69311fc70763173e82907,0.77936406,0.120088775,0.297242017,1.201104213,T0,Education_income
584,62f69311fc70763173e82907,0.77936406,0.120088775,0.219369947,0.922425394,T5,Education_income
80,62f6934dfc70763173e82919,0.032195295,1.090836712,-0.539794934,0.334052162,T0,Immigrant_crime
181,62f6934dfc70763173e82919,0.032195295,1.090836712,-1,0.71508438,T5,Immigrant_crime
282,62f6934dfc70763173e82919,-0.66800451,0.238190944,0.809342887,0.36929518,T0,Social_media_depression
383,62f6934dfc70763173e82919,-0.66800451,0.238190944,-0.835098885,0.324072531,T5,Social_media_depression
484,62f6934dfc70763173e82919,-0.939613485,0.120773031,-0.044511005,0.33017169,T0,Education_income
585,62f6934dfc70763173e82919,-0.939613485,0.120773031,0.272765201,1.381878528,T5,Education_income
81,62f693e2fc70763173e8295a,1,0.009857989,0.218588268,0.891390262,T0,Immigrant_crime
182,62f693e2fc70763173e8295a,1,0.009857989,-0.088279954,0.12356023,T5,Immigrant_crime
283,62f693e2fc70763173e8295a,0.525192623,0.192477264,-0.833063464,0.242512231,T0,Social_media_depression
384,62f693e2fc70763173e8295a,0.525192623,0.192477264,-0.693765364,0.163956195,T5,Social_media_depression
485,62f693e2fc70763173e8295a,0.544632978,0.92951725,-0.171800655,1.270307742,T0,Education_income
586,62f693e2fc70763173e8295a,0.544632978,0.92951725,-0.179731219,0.292850382,T5,Education_income
82,62f6950afc70763173e829b7,0.329894402,1.340211196,-0.498355023,1.003289955,T0,Immigrant_crime
183,62f6950afc70763173e829b7,0.329894402,1.340211196,-0.245805909,1.508388181,T5,Immigrant_crime
284,62f6950afc70763173e829b7,0.403399721,1.193200559,-0.827896001,0.890739872,T0,Social_media_depression
385,62f6950afc70763173e829b7,0.403399721,1.193200559,-0.918839781,0.710249632,T5,Social_media_depression
486,62f6950afc70763173e829b7,0.742192678,0.498532981,-1,0.726115173,T0,Education_income
587,62f6950afc70763173e829b7,0.742192678,0.498532981,-1,1.511886852,T5,Education_income
83,62f698a8fc70763173e82a89,0.09502909,1.80994182,-0.838485529,0.659484819,T0,Immigrant_crime
184,62f698a8fc70763173e82a89,0.09502909,1.80994182,-0.674615421,0.769285023,T5,Immigrant_crime
285,62f698a8fc70763173e82a89,0.529615798,0.940768404,-0.550304855,0.899390291,T0,Social_media_depression
386,62f698a8fc70763173e82a89,0.529615798,0.940768404,-0.632825261,0.786911804,T5,Social_media_depression
487,62f698a8fc70763173e82a89,0.845929633,0.308140734,0.966165304,1.357063412,T0,Education_income
588,62f698a8fc70763173e82a89,0.845929633,0.308140734,0.728900144,2,T5,Education_income
84,62f69ac5fc70763173e82ace,-0.468665583,1.169421989,1,0.725888003,T0,Immigrant_crime
185,62f69ac5fc70763173e82ace,-0.468665583,1.169421989,0.686760231,0.626479537,T5,Immigrant_crime
286,62f69ac5fc70763173e82ace,0.743963878,0.840798608,-0.939788092,0.691432113,T0,Social_media_depression
387,62f69ac5fc70763173e82ace,0.743963878,0.840798608,-0.249471611,1.019581497,T5,Social_media_depression
488,62f69ac5fc70763173e82ace,0.752799918,0.532490014,0.005815662,0.466751476,T0,Education_income
589,62f69ac5fc70763173e82ace,0.752799918,0.532490014,0.043808966,0.757455119,T5,Education_income
85,62f69c37fc70763173e82af0,0.378826351,0.407053236,-0.245180284,0.475922902,T0,Immigrant_crime
186,62f69c37fc70763173e82af0,0.378826351,0.407053236,-0.367794717,0.775373492,T5,Immigrant_crime
287,62f69c37fc70763173e82af0,0.445005325,0.619241371,-0.519235625,0.478893351,T0,Social_media_depression
388,62f69c37fc70763173e82af0,0.445005325,0.619241371,-0.696569748,0.3355556,T5,Social_media_depression
489,62f69c37fc70763173e82af0,0.959215773,0.170323803,0.107621612,0.311654783,T0,Education_income
590,62f69c37fc70763173e82af0,0.959215773,0.170323803,0.256732247,0.647629571,T5,Education_income
86,62f69fcbfc70763173e82b15,0.12091841,1.75816318,-0.765684974,0.957237699,T0,Immigrant_crime
187,62f69fcbfc70763173e82b15,0.12091841,1.75816318,-0.095012411,1.809975179,T5,Immigrant_crime
288,62f69fcbfc70763173e82b15,1,0.679374671,0.017926315,2,T0,Social_media_depression
389,62f69fcbfc70763173e82b15,1,0.679374671,0.038809374,0.633761558,T5,Social_media_depression
490,62f69fcbfc70763173e82b15,0.410516944,0.569313718,-1,0.504844188,T0,Education_income
591,62f69fcbfc70763173e82b15,0.410516944,0.569313718,-0.646670508,0.527010355,T5,Education_income
87,62f6a205fc70763173e82b2b,0.289699056,0.576630032,-0.284115607,1.425386256,T0,Immigrant_crime
188,62f6a205fc70763173e82b2b,0.289699056,0.576630032,0.452389168,1.084566349,T5,Immigrant_crime
289,62f6a205fc70763173e82b2b,0.004547542,2,-0.206830886,1.39702308,T0,Social_media_depression
390,62f6a205fc70763173e82b2b,0.004547542,2,-1,1.991991818,T5,Social_media_depression
491,62f6a205fc70763173e82b2b,1,1.428668848,-0.618475873,2,T0,Education_income
592,62f6a205fc70763173e82b2b,1,1.428668848,-0.400091894,1.678679531,T5,Education_income
88,62f6a542fc70763173e82b56,0.036570647,0.876894716,-1,0.417646466,T0,Immigrant_crime
189,62f6a542fc70763173e82b56,0.036570647,0.876894716,-0.790051845,0.409113453,T5,Immigrant_crime
290,62f6a542fc70763173e82b56,0.30740104,0.390674412,-0.78449171,0.42701872,T0,Social_media_depression
391,62f6a542fc70763173e82b56,0.30740104,0.390674412,-0.63865533,0.479243128,T5,Social_media_depression
492,62f6a542fc70763173e82b56,0.397962438,0.40414812,-0.730637911,0.352092856,T0,Education_income
593,62f6a542fc70763173e82b56,0.397962438,0.40414812,-1,0.190069247,T5,Education_income
89,62f6a6d6fc70763173e82b6a,-0.175875074,0.243678624,1,2,T0,Immigrant_crime
190,62f6a6d6fc70763173e82b6a,-0.175875074,0.243678624,-0.685730981,0.584599841,T5,Immigrant_crime
291,62f6a6d6fc70763173e82b6a,-1,0.255579194,-1,0.142447796,T0,Social_media_depression
392,62f6a6d6fc70763173e82b6a,-1,0.255579194,0.141265798,0.164919293,T5,Social_media_depression
493,62f6a6d6fc70763173e82b6a,-1,0.062792656,-1,0.237090937,T0,Education_income
594,62f6a6d6fc70763173e82b6a,-1,0.062792656,0.631350143,0.19433666,T5,Education_income
90,62f6a771fc70763173e82b76,0.178567159,1.005108327,-0.669811788,0.660376424,T0,Immigrant_crime
191,62f6a771fc70763173e82b76,0.178567159,1.005108327,-0.832236071,0.195313171,T5,Immigrant_crime
292,62f6a771fc70763173e82b76,0.380054794,0.700709213,-0.45163179,0.535881702,T0,Social_media_depression
393,62f6a771fc70763173e82b76,0.380054794,0.700709213,-0.239662904,0.700173315,T5,Social_media_depression
494,62f6a771fc70763173e82b76,0.803002667,0.393994665,0.360441861,0.368864714,T0,Education_income
595,62f6a771fc70763173e82b76,0.803002667,0.393994665,0.654521618,0.260393373,T5,Education_income
91,62fa9e3d930ab57fc9fe18f0,0.158442052,0.439812566,-0.590490915,0.819018169,T0,Immigrant_crime
192,62fa9e3d930ab57fc9fe18f0,0.158442052,0.439812566,0.55364131,0.89271738,T5,Immigrant_crime
293,62fa9e3d930ab57fc9fe18f0,1,0.432123564,1,0.626321174,T0,Social_media_depression
394,62fa9e3d930ab57fc9fe18f0,1,0.432123564,-1,0.371029716,T5,Social_media_depression
495,62fa9e3d930ab57fc9fe18f0,0.245886972,1.508226056,-0.641951857,0.376104337,T0,Education_income
596,62fa9e3d930ab57fc9fe18f0,0.245886972,1.508226056,-0.663942907,0.672114187,T5,Education_income
92,62fa9eab930ab57fc9fe18f6,0.108097889,0.757496145,-2.20E-06,0.813309659,T0,Immigrant_crime
193,62fa9eab930ab57fc9fe18f6,0.108097889,0.757496145,0.074262968,0.709678006,T5,Immigrant_crime
294,62fa9eab930ab57fc9fe18f6,0.146661926,1.223872845,-3.35E-06,1.591820311,T0,Social_media_depression
395,62fa9eab930ab57fc9fe18f6,0.146661926,1.223872845,0.194356652,0.655784472,T5,Social_media_depression
496,62fa9eab930ab57fc9fe18f6,0.495497146,0.548812841,0.198652961,1.54560891,T0,Education_income
597,62fa9eab930ab57fc9fe18f6,0.495497146,0.548812841,0.420544011,0.74768721,T5,Education_income
93,62fa9eff930ab57fc9fe18fb,-0.866824913,0.266350174,0.027626547,1.944746907,T0,Immigrant_crime
194,62fa9eff930ab57fc9fe18fb,-0.866824913,0.266350174,-0.015660904,1.968678192,T5,Immigrant_crime
295,62fa9eff930ab57fc9fe18fb,1,0.593924658,0.012569404,1.974861191,T0,Social_media_depression
396,62fa9eff930ab57fc9fe18fb,1,0.593924658,-0.014695621,1.70383048,T5,Social_media_depression
497,62fa9eff930ab57fc9fe18fb,0.443125729,1.113748541,-0.67230418,0.65539164,T0,Education_income
598,62fa9eff930ab57fc9fe18fb,0.443125729,1.113748541,-1,2,T5,Education_income
94,62faa126930ab57fc9fe1918,0.2987147,1.417044396,-0.482439453,1.035121094,T0,Immigrant_crime
195,62faa126930ab57fc9fe1918,0.2987147,1.417044396,0.473656451,1.534737865,T5,Immigrant_crime
296,62faa126930ab57fc9fe1918,-0.556655882,1.072130474,0.530181153,1.18810374,T0,Social_media_depression
397,62faa126930ab57fc9fe1918,-0.556655882,1.072130474,0.418927414,1.464633635,T5,Social_media_depression
498,62faa126930ab57fc9fe1918,-0.765337461,2,-0.28604009,0.699871172,T0,Education_income
599,62faa126930ab57fc9fe1918,-0.765337461,2,0.906814805,1.964699306,T5,Education_income
95,62faa128930ab57fc9fe191a,-0.642864585,0.714270829,0.529199834,1.797867654,T0,Immigrant_crime
196,62faa128930ab57fc9fe191a,-0.642864585,0.714270829,0.370928828,1.31817861,T5,Immigrant_crime
297,62faa128930ab57fc9fe191a,0.44574831,0.379713795,-0.779649138,0.467205592,T0,Social_media_depression
398,62faa128930ab57fc9fe191a,0.44574831,0.379713795,-0.784917453,0.474014876,T5,Social_media_depression
499,62faa128930ab57fc9fe191a,0.38835702,0.601445665,-0.863215678,0.450817432,T0,Education_income
600,62faa128930ab57fc9fe191a,0.38835702,0.601445665,-0.763575618,0.472848764,T5,Education_income
96,62faa37f930ab57fc9fe194e,0.017656158,0.301416547,-0.359264687,1.001863952,T0,Immigrant_crime
197,62faa37f930ab57fc9fe194e,0.017656158,0.301416547,-0.667945083,0.691602463,T5,Immigrant_crime
298,62faa37f930ab57fc9fe194e,1,1.686668101,0.255730482,1.882855608,T0,Social_media_depression
399,62faa37f930ab57fc9fe194e,1,1.686668101,0.793910145,2,T5,Social_media_depression
500,62faa37f930ab57fc9fe194e,1,0.458291543,1,0.996863542,T0,Education_income
601,62faa37f930ab57fc9fe194e,1,0.458291543,1,0.468948198,T5,Education_income
97,62faa683930ab57fc9fe197f,0.120044837,0.907431976,-1,0.715016731,T0,Immigrant_crime
198,62faa683930ab57fc9fe197f,0.120044837,0.907431976,-0.93967871,0.965047138,T5,Immigrant_crime
299,62faa683930ab57fc9fe197f,1,1.0714552,0.267088943,0.622245204,T0,Social_media_depression
400,62faa683930ab57fc9fe197f,1,1.0714552,0.019536067,0.583646287,T5,Social_media_depression
501,62faa683930ab57fc9fe197f,0.656447398,1.040037494,0.734776376,1.030118946,T0,Education_income
602,62faa683930ab57fc9fe197f,0.656447398,1.040037494,0.728553353,1.209240297,T5,Education_income
98,62faa77d930ab57fc9fe198c,0.195803842,0.353115651,0.003722977,1.105188622,T0,Immigrant_crime
199,62faa77d930ab57fc9fe198c,0.195803842,0.353115651,-0.660160905,0.876079739,T5,Immigrant_crime
300,62faa77d930ab57fc9fe198c,0.010892067,0.985760408,-0.209513258,1.016432893,T0,Social_media_depression
401,62faa77d930ab57fc9fe198c,0.010892067,0.985760408,-0.627238354,0.804642725,T5,Social_media_depression
502,62faa77d930ab57fc9fe198c,1,0.838611543,1,0.949254959,T0,Education_income
603,62faa77d930ab57fc9fe198c,1,0.838611543,1,0.880645246,T5,Education_income
99,62faa8ab930ab57fc9fe19a0,0.356332053,0.253904765,-0.480287636,0.185015618,T0,Immigrant_crime
200,62faa8ab930ab57fc9fe19a0,0.356332053,0.253904765,0.24838585,1.112933576,T5,Immigrant_crime
301,62faa8ab930ab57fc9fe19a0,-1,0.453973126,-0.089413449,0.852761067,T0,Social_media_depression
402,62faa8ab930ab57fc9fe19a0,-1,0.453973126,-0.811280408,0.196151314,T5,Social_media_depression
503,62faa8ab930ab57fc9fe19a0,0.115016979,1.571864978,-0.659687336,0.296492801,T0,Education_income
604,62faa8ab930ab57fc9fe19a0,0.115016979,1.571864978,0.607343586,0.785312828,T5,Education_income
100,62fabb0c930ab57fc9fe19fb,0.94996613,0.293338025,0.83265836,0.354288899,T0,Immigrant_crime
201,62fabb0c930ab57fc9fe19fb,0.94996613,0.293338025,0.764175632,0.303553333,T5,Immigrant_crime
302,62fabb0c930ab57fc9fe19fb,0.857447706,0.310936424,0.683311225,0.441204481,T0,Social_media_depression
403,62fabb0c930ab57fc9fe19fb,0.857447706,0.310936424,0.395300161,0.48925317,T5,Social_media_depression
504,62fabb0c930ab57fc9fe19fb,-1,0.165949762,1,0.28124423,T0,Education_income
605,62fabb0c930ab57fc9fe19fb,-1,0.165949762,0.927412799,0.272270867,T5,Education_income